YEAR,MO,DY,PRECTOTCORR,RH2M,WS10M_MAX,WS10M_MIN,SLP,T2M,TS,T2M_MAX,T2M_MIN
2019,1,1,0,24.61,3.42,1.41,101.84,19.42,18.41,29.78,10.36
2019,1,2,0,26.78,2.83,1.36,101.78,20.76,20.2,31.47,11.86
2019,1,3,0,25.94,3.21,1,101.85,20.25,20.12,30.53,13.43
2019,1,4,0,29.66,3.31,1.23,101.78,19.96,19.94,30.76,12.06
2019,1,5,0,37.34,3.34,0.79,101.58,20.26,20.95,31.08,11.26
2019,1,6,0,45.66,4.21,1.16,101.44,21.11,21.7,30.63,13.09
2019,1,7,0,43.4,3.25,0.79,101.49,20.92,21.63,30.28,14.45
2019,1,8,0,26.8,5.11,2.07,101.54,18.1,18.21,27.62,9.81
2019,1,9,0,23.38,3.4,1.26,101.51,19.22,18.85,29.35,11.61
2019,1,10,0,30.35,3.42,1.2,101.49,18.84,19.27,29.78,9.59
2019,1,11,0,39.21,3.45,0.42,101.5,19.71,20.64,30.28,10.8
2019,1,12,0,48.2,5.05,1.75,101.41,21.67,22.49,31.22,13.77
2019,1,13,0,51.07,5.2,0.45,101.46,22.67,23.67,30.9,15.6
2019,1,14,0,47.75,3.8,1.08,101.5,21.95,22.9,30.25,15.82
2019,1,15,0,36.06,4.21,2.65,101.63,20.02,20.84,29.01,13.24
2019,1,16,0,29.26,3.11,1.33,101.57,20.33,20.89,30.48,12.53
2019,1,17,0,24.39,2.92,0.74,101.4,21.17,21.25,31.09,13.78
2019,1,18,0,23.45,2.94,1.1,101.44,21.55,21.34,31.42,14.22
2019,1,19,0,22.45,3.03,1.84,101.52,21.25,21.07,31.26,11.61
2019,1,20,0,20.48,3.27,1.23,101.57,21.8,21.47,32.14,14.04
2019,1,21,0,25.34,4.87,1.84,101.38,22.04,22.65,32.89,12.32
2019,1,22,0,41.9,5.74,2.01,101.3,22.6,23.37,31.68,14.95
2019,1,23,0,48.48,6.13,1.04,101.31,23.12,23.65,31.58,15.66
2019,1,24,0.08,47.98,4.8,0.55,101.34,23.9,24.96,31.82,15.36
2019,1,25,7.45,57.91,5.75,1.27,101.28,24.28,25.16,30.52,19.42
2019,1,26,9.01,80.67,5.27,3.22,101.56,20.13,20.7,23.82,17.09
2019,1,27,0.34,78.2,5.61,2.79,101.71,18.54,19.2,24.01,14.74
2019,1,28,0.01,60.84,5.56,2.29,101.88,17.04,17.88,25.18,11.74
2019,1,29,0,42.05,5.73,2.9,101.95,14.73,15.43,24.49,6.78
2019,1,30,0,36.08,3.42,1.9,101.78,15.92,16.01,26.38,7.41
2019,1,31,0,41.08,3.59,2.14,101.62,17.96,18.65,28.76,8.03
2019,2,1,0,51.26,3.97,1.75,101.54,20.58,21.64,29.95,11.77
2019,2,2,0,47.63,3.74,2.21,101.47,21.46,22.34,30.17,14.47
2019,2,3,0,42.38,5.78,2.82,101.63,20.99,21.68,30.35,13.49
2019,2,4,0,43.1,4.71,2.31,101.8,21.21,22.17,30.84,12.61
2019,2,5,0,39.25,3.86,2.23,101.69,22.33,23.12,31.71,14.42
2019,2,6,0,37.14,4.19,1.09,101.27,23.93,24.91,33.07,16.01
2019,2,7,0,43.65,6.63,1.39,101.08,25.26,25.93,33.3,17.78
2019,2,8,0,34.25,5.16,1.72,101.35,23.16,24.57,30.71,17.49
2019,2,9,0,19.75,4.93,3.13,101.62,18.97,20.26,28.59,12.06
2019,2,10,0,23.03,4.4,1.22,101.72,18.01,19.58,29.81,7.81
2019,2,11,0,26.57,3.88,1.8,101.66,20.99,22.27,31.93,11.47
2019,2,12,0,32.61,3.89,2.35,101.73,22.95,24.37,32.88,13.82
2019,2,13,0,30.28,3.74,2.77,101.72,23.99,25.39,33.97,15.23
2019,2,14,0,28.54,3.97,0.86,101.37,24.96,26.74,35.41,14.89
2019,2,15,1.37,38.73,5.5,0.3,101.23,27,28.19,35.63,17.9
2019,2,16,0.02,45.52,3.65,1.09,101.25,25.97,27.76,33.97,19.09
2019,2,17,0,40.41,5.04,2.39,101.28,23.04,24.62,32,15.76
2019,2,18,0,29.94,3.39,1.25,101.13,23.36,25.12,33.77,13.96
2019,2,19,0,23.83,3.94,0.47,101.12,26.26,27.85,37.08,16.3
2019,2,20,0,39.38,5.47,2.75,101.39,27.31,28.83,36.67,18.43
2019,2,21,0.12,38.51,3.61,1.39,101.5,29,31,37.31,20.11
2019,2,22,0,34.12,3.46,1.02,101.32,30.37,32.05,38.13,22.54
2019,2,23,0,32.01,2.83,0.36,101.11,29.55,31.55,38.1,21.86
2019,2,24,0,27.56,4.46,1.89,100.85,29.65,31.31,38.8,21.17
2019,2,25,0,18.57,4.29,2.01,100.86,27.54,29.33,36.8,18.9
2019,2,26,0,18.82,3.71,1.31,100.82,27,29.27,36.09,18.41
2019,2,27,0,23.44,5.35,0.62,100.81,26.1,28.51,35.03,17.34
2019,2,28,0,27.63,4.03,2.38,101.05,24.79,27.13,33.17,17.32
2019,3,1,0,25.96,4.68,1.04,101.12,24.56,27.21,33.87,15.14
2019,3,2,0,43.08,5.19,2.18,101.08,27.2,29.47,34.94,17.99
2019,3,3,0,37.84,7.13,2.75,100.82,29.41,31.11,38.1,22.94
2019,3,4,0,21.5,4.32,0.15,100.69,28.65,30.44,37.83,20.82
2019,3,5,0,27.68,5.67,3.03,100.74,27.31,29.16,35.64,20.66
2019,3,6,0,22.69,4.47,2.94,100.94,25.81,27.98,34.86,17.29
2019,3,7,0,25.91,4.71,2.36,100.99,25.3,27.56,34.74,15.99
2019,3,8,0,21.13,3.75,0.83,101.12,26.7,29.16,36.76,16.82
2019,3,9,0,21.06,3.23,1.1,101.08,28.23,30.42,37.82,18.54
2019,3,10,0,22.33,3.18,0.4,101.08,29.02,31.4,38.33,18.76
2019,3,11,0,25.54,3.15,1.64,101.08,30.15,32.59,39.46,20.27
2019,3,12,0,26.98,4.56,1.39,101.17,30.69,33.18,37.93,22.78
2019,3,13,0,28.57,7.36,0.29,101.1,31.99,32.86,38.17,25.7
2019,3,14,0.01,22.69,4.99,1.29,101.12,31.2,32.95,39.4,22.85
2019,3,15,0,22.65,3.9,0.75,101.18,30.47,33.38,39.15,22.76
2019,3,16,0,24.03,4.92,1.62,101.1,30.95,33.07,40.04,22.31
2019,3,17,0,30.16,6.3,2.72,101.04,31.36,33.34,39.78,22.53
2019,3,18,0.01,23.32,6.29,0.96,101.03,30.92,32.89,39.31,22.51
2019,3,19,0,32.43,6.27,1.3,100.85,29.7,32.77,38.77,20.47
2019,3,20,0.61,37.37,6.88,2.38,100.77,30.86,32.81,38.13,23.13
2019,3,21,1.59,36.62,5.68,1.04,100.9,31.32,33.83,38.9,24.21
2019,3,22,0.82,30.07,3.88,0.38,101.03,31.12,34.12,39.08,22.73
2019,3,23,0,28.93,5.74,2.36,101.05,30.68,33.01,39.12,22.48
2019,3,24,0,24.84,5.51,2.8,101,30.9,33.36,39.43,22.42
2019,3,25,0,22.54,4.69,2.11,100.94,31.48,33.9,40.61,21.81
2019,3,26,0,22.07,3.3,0.65,100.96,32.74,35.09,41.19,24.23
2019,3,27,0,21.93,5.22,2.03,101.16,31.15,33.14,39.89,22.51
2019,3,28,0,17.52,4.71,1.56,101.07,31.11,33.35,40.61,21.84
2019,3,29,0,15.06,3.86,1.8,100.87,31.93,33.58,41.31,22.72
2019,3,30,0,17.97,3.61,0.63,100.73,33.1,35.59,42.18,23.25
2019,3,31,0,20.17,3.54,2.29,100.68,33.72,36.01,42.68,24.71
2019,4,1,0,16.04,4.92,2.39,100.71,33.31,35.61,42.32,24.51
2019,4,2,0,16.89,4.48,2.61,100.75,32.86,35.17,42.15,23.46
2019,4,3,0,21.61,4.34,1.78,100.76,33.76,36.41,42.35,23.66
2019,4,4,0.03,24.34,5.19,1.74,100.82,35.29,38.19,42.79,27.47
2019,4,5,0.02,22.88,7.32,1.19,100.84,35.05,36.82,42.51,26.99
2019,4,6,0.08,20.96,6.03,2.43,100.75,34.66,37.14,43.22,26.72
2019,4,7,0,16.33,4.8,1.1,100.64,34.39,36.72,42.63,25.3
2019,4,8,0,18.52,3.22,0.29,100.55,34.72,36.8,42.65,25.31
2019,4,9,0,21.54,4.61,1.47,100.64,33.93,36.87,42.88,24.31
2019,4,10,0,13.73,3.07,0.5,100.75,34.33,36.71,42.77,24.03
2019,4,11,0,16.14,3.19,1.18,100.64,34.72,37.46,43.52,24.85
2019,4,12,0.01,23.5,4.39,1,100.64,34.95,38.3,43.44,25.81
2019,4,13,0.88,22.47,4.45,0.06,100.67,35.22,38.7,43.73,26.6
2019,4,14,0,23.99,4.34,1.16,100.69,35.34,39.07,43.59,26.32
2019,4,15,0.01,20.96,5.07,0.16,100.64,35.63,38.59,43.1,27.53
2019,4,16,1.76,21.73,4.49,0.34,100.67,34.83,37.31,41.8,28.34
2019,4,17,0.44,28.36,3.07,0.73,100.78,32.93,36.29,39.85,25.19
2019,4,18,0.04,25.88,5.15,1.36,100.77,32.85,36.42,40.41,24.56
2019,4,19,0.18,28.29,3.22,1.2,100.66,32.79,36.35,40.1,24.6
2019,4,20,0.04,38.23,6.66,1.75,100.42,34.04,37.33,41.23,26.44
2019,4,21,0,30.29,6.8,0.61,100.35,35.11,39.11,42.13,27.14
2019,4,22,0.02,34.91,8.41,1.59,100.53,33.92,36.99,40.13,27.59
2019,4,23,0,22.89,3.42,0.36,100.62,34.78,38.02,42.59,26.54
2019,4,24,0,21.12,4.4,0.97,100.65,35.01,38.56,43.27,26.21
2019,4,25,0,19.25,4.59,1.7,100.56,36.18,39.37,44.79,27.53
2019,4,26,0,21.31,4.29,1.05,100.44,36.78,39.91,45.42,28.22
2019,4,27,0,21.2,4.63,1.45,100.38,37.18,40.26,45.72,29.1
2019,4,28,0,22.5,4.26,1.4,100.33,37.22,40.56,45.41,28.57
2019,4,29,0,21.63,5.42,0.4,100.31,37.66,41.19,45.33,29.22
2019,4,30,0,21.57,5.41,1.16,100.24,37.29,40.05,45.22,29.43
2019,5,1,0,14.89,4.76,1.51,100.15,35.54,36.94,43.18,27.7
2019,5,2,0,18.2,8.2,0.44,100.08,35.96,38.08,44.69,27.11
2019,5,3,0,20.37,6.64,0.62,100.23,35.06,37.05,42.7,28.03
2019,5,4,0,19.15,8.17,2.6,100.51,34.63,37.14,42.69,27.36
2019,5,5,0,18.27,7.78,3.15,100.65,35.23,37.71,43.05,27.74
2019,5,6,0,16.09,6.71,2.41,100.53,35.53,38.05,43.29,27.43
2019,5,7,0,17.38,5.27,2.4,100.41,35.77,37.87,43.29,27.96
2019,5,8,0,15.3,7.57,3.36,100.38,36.7,39.59,44.6,28.29
2019,5,9,0,17.32,8.33,2.53,100.37,36.7,39.12,44.07,29
2019,5,10,0,19.97,6.86,1.96,100.4,36.83,40.2,44.15,29.05
2019,5,11,0,23.59,4.59,1.47,100.51,36.66,39.76,43.71,30.37
2019,5,12,0,19.7,4.96,1.23,100.47,36.65,39.81,43.84,29.07
2019,5,13,0,20.29,3.13,0.1,100.37,36.92,40.4,44.09,29.57
2019,5,14,0,19.5,4.28,0.21,100.37,36.82,39.88,43.31,30.18
2019,5,15,0,17.57,4.2,1.64,100.43,36.84,39.93,44.44,28.86
2019,5,16,0,18.56,4.46,2,100.54,36.21,39.5,43.83,29.39
2019,5,17,0,18.72,6.12,3.03,100.56,36.32,39.21,43.98,28.55
2019,5,18,0,19.57,7.74,3.06,100.49,36.49,39.5,43.56,29.15
2019,5,19,0,17.29,5.35,2.03,100.5,36.53,39.73,43.97,28.61
2019,5,20,0,18.17,3.38,1.94,100.53,36.97,40.61,44.51,28.41
2019,5,21,0.11,20.77,4.1,0.48,100.38,38.43,42.33,45.49,30.51
2019,5,22,0.2,22.39,5.11,1.42,100.32,38.46,41.29,45.82,31.1
2019,5,23,0.01,18.59,4.07,0.36,100.28,38.79,41.92,45.49,31.4
2019,5,24,0.06,23.82,5.17,2.33,100.37,37.81,41.03,44.85,31.22
2019,5,25,0,18.53,7.23,2.36,100.24,37.64,40.43,44.76,30.35
2019,5,26,0,19.41,6.92,3,100.1,38.6,41.61,45.87,30.86
2019,5,27,0,19.4,6.73,2.67,100.12,38.65,41.13,44.76,32.59
2019,5,28,0,19.44,6.69,3.21,100.07,38.28,40.97,46.03,30.42
2019,5,29,0,19.47,4.81,0.45,100.03,38.54,41.61,45.81,30.21
2019,5,30,0.02,31.67,7.45,0.22,100.07,37.98,42.29,44.89,30.8
2019,5,31,0.48,33.11,7.95,2.09,100.11,37.54,40.14,43.37,31.73
2019,6,1,1.01,33.3,7.77,0.21,100.23,37.31,40.43,43.42,31.28
2019,6,2,0,26.08,4.94,1.28,100.1,38.97,41.99,45.63,32.31
2019,6,3,1.06,31.45,6.96,2.33,100.14,37.02,39.3,41.67,32.68
2019,6,4,0.35,29.53,5.99,1.02,100.08,37.83,40.9,45.14,30.5
2019,6,5,0.39,26,8.25,0.99,99.99,38.83,41.16,45.61,32.04
2019,6,6,0,23.36,7.53,1.25,99.96,39.08,41.01,46.28,32.39
2019,6,7,0.98,26.74,6.77,1.72,100.05,38.99,41.76,46.23,32.19
2019,6,8,1.26,31.27,3.73,0.59,100.08,37.61,39.98,43.34,32.41
2019,6,9,0,38.8,5.58,2.16,100.07,35.87,38.29,40.09,31.56
2019,6,10,0,32,6.93,1.91,99.87,37.65,40.61,44.74,30.78
2019,6,11,0.02,32.07,7.4,2.76,99.92,37.65,40.99,44.15,31.42
2019,6,12,0,42.82,9.07,5.06,100.05,35.11,38.25,43.19,29.5
2019,6,13,0,46.61,7.66,2.06,100.21,33.13,35.65,38.16,29.38
2019,6,14,0,33.14,7.73,1.67,100.11,35.66,38.72,42.35,29.31
2019,6,15,0.08,30.27,8.66,3.52,100.17,36.47,39.31,42.73,30.02
2019,6,16,0.4,37.36,8.19,2.16,100.33,34.42,36.8,40.48,30.13
2019,6,17,0.74,39.86,7.69,4.92,100.34,33.97,35.96,39.02,29.49
2019,6,18,0.02,33.08,7.81,1.78,100.13,35.95,38.69,41.29,30.29
2019,6,19,0,37.09,7.58,1.82,100.05,35.76,38.39,40.35,30.68
2019,6,20,10.75,54.17,7.53,0.47,100.16,32.02,34.06,35.1,27.79
2019,6,21,0.81,58.07,5.52,1.65,100.13,31.51,33.64,37.65,26.39
2019,6,22,3.71,58.39,6.17,1.82,100.04,31.32,32.15,36.65,27.12
2019,6,23,7.03,65.27,4.63,0.4,100.07,30.14,31.75,35.01,26.12
2019,6,24,1.83,61.4,4.55,1.63,100.21,31.23,33.74,37.27,25.42
2019,6,25,2.34,63.31,4.89,2.37,100.31,31.36,33.16,36.56,26.67
2019,6,26,3.67,66.88,3.47,0.61,100.24,31.27,32.83,35.45,26.67
2019,6,27,6.31,73.97,5.21,1.08,100.11,29.72,30.73,34.17,26.67
2019,6,28,20.63,75.74,7.45,1.63,100.08,28.45,28.98,32.56,25.7
2019,6,29,11.13,77.47,8.04,1.54,100.03,27.51,28.42,32.61,24.35
2019,6,30,7.66,79.29,7.66,3.35,100.1,26.29,26.72,29.6,23.37
2019,7,1,6.39,76.15,6.79,2.14,100.05,27.46,28.06,32.33,23.74
2019,7,2,20.26,82.48,7.84,4.07,100.03,26.51,26.84,29.97,24.06
2019,7,3,5.5,78.72,9.69,4.64,100.05,26.2,26.4,31.36,22.6
2019,7,4,3.42,65.47,9.07,3.2,100.04,28.58,29.16,34.79,23.27
2019,7,5,9.56,69.89,10.91,3.91,99.93,26.74,26.97,31.62,22.5
2019,7,6,3.32,74.08,10.12,4.23,99.89,27.98,28.54,32.82,24.33
2019,7,7,4.8,74.97,9.48,4.02,100.05,27.43,27.62,31.46,24.24
2019,7,8,5.81,76.76,9.16,2,100.17,28.1,28.69,33.81,24.33
2019,7,9,11.92,75.24,7.82,2.74,100.18,28.2,28.63,32.94,24.71
2019,7,10,7.63,75.19,7.63,3.74,100.14,28.38,28.92,33.62,24.79
2019,7,11,5.57,78.14,7.94,2.59,100.31,27.75,28.2,31.69,24.53
2019,7,12,6.18,76.55,6.52,1.96,100.51,27.9,28.36,31.89,24.49
2019,7,13,1.62,79.84,6.3,1.99,100.59,27.11,27.33,30.61,24.18
2019,7,14,0.47,72.25,7.24,3.44,100.47,28.34,28.73,33.37,24.5
2019,7,15,0.02,70.34,6.3,2.77,100.33,28.37,28.87,33.31,23.84
2019,7,16,0,66.22,6.51,2.09,100.35,29.53,30.49,35.26,24.65
2019,7,17,0.19,67.47,6.19,0.64,100.27,30,30.77,34.68,25.67
2019,7,18,0.54,68.97,6.43,2.08,100.12,29.79,30.65,34.67,25.59
2019,7,19,5.73,65.49,2.8,0.08,100.05,29.88,30.87,34.95,25.35
2019,7,20,17.19,81.25,4.23,1.29,99.99,27.89,28.45,32.22,24.56
2019,7,21,1.73,72.85,6.27,2.31,100.04,29.33,30.24,34.74,24.56
2019,7,22,0.36,72.79,4.92,2.19,100.08,29.14,30.3,34.06,24.7
2019,7,23,0.36,67.62,6.01,2.19,100.09,29.91,31.03,36.46,24.52
2019,7,24,0.38,68.31,5.46,2.08,100.15,30.09,31.32,35.77,24.57
2019,7,25,14.99,79.46,6.85,3.34,100.23,27.88,28.34,31.57,25.38
2019,7,26,15.91,83.96,7.75,3.03,100.17,26.46,26.75,30.18,24.4
2019,7,27,11.77,82.79,9.01,3.73,100.09,26.37,26.38,29.83,23.82
2019,7,28,11.97,83.77,9.61,4.13,100.06,26.37,26.45,29.92,24.04
2019,7,29,55.54,91.23,8.61,5.16,99.96,25.27,25.11,27.34,23.79
2019,7,30,47.96,86.57,9.61,6.78,100.09,25.43,25.25,28.65,23.25
2019,7,31,13.34,83.97,8.86,3.5,100.32,25.67,25.79,29.88,22.48
2019,8,1,12.88,85.08,8.37,2.81,100.26,25.76,25.75,29,22.71
2019,8,2,24.16,90.44,8.63,4.48,100.17,24.79,24.71,27.16,23.23
2019,8,3,37.11,88.82,9.35,4.54,100.11,26.05,25.94,29.54,23.26
2019,8,4,6.07,85.79,9.39,4.53,100.01,25.9,25.99,30.18,23.16
2019,8,5,3.26,85,7.59,1.45,99.87,26.83,27.06,30.65,23.51
2019,8,6,16.73,88.2,7.9,2.25,99.83,26.15,26.11,29.38,23.74
2019,8,7,16.85,91.51,9.07,3.06,99.68,25.22,25,27.01,23.61
2019,8,8,24.66,91.29,9.65,5.17,99.58,24.92,24.57,26.86,23.55
2019,8,9,4.66,83.34,9.22,4.24,99.88,26.48,26.24,31.47,23.07
2019,8,10,0.34,82.78,6.2,1.84,100.15,27.02,27.23,31.3,22.83
2019,8,11,0.82,81.84,6.38,1.67,100.28,26.93,27.13,31,23.15
2019,8,12,3.44,85.48,6.76,2.01,100.28,26.41,26.58,30.05,24.21
2019,8,13,10.58,89.32,7.12,2.8,100.22,25.48,25.29,27.76,24.03
2019,8,14,15.97,89.36,5.13,2.54,100.34,25.27,25.06,28.41,23.22
2019,8,15,5.37,84.2,4.29,1.9,100.44,26.67,26.97,30.72,22.68
2019,8,16,0.08,82.75,5.26,2.02,100.41,27.25,27.56,31.17,23.92
2019,8,17,0.05,84.05,3.98,0.72,100.44,26.83,26.94,29.9,24.49
2019,8,18,10.96,87.52,5.11,0.24,100.58,25.87,25.76,28.31,23.96
2019,8,19,2,85.35,4.82,0.96,100.61,26.53,26.74,30.86,22.63
2019,8,20,2.24,88.16,5.93,2.68,100.56,26.12,26.11,29.13,23.91
2019,8,21,1.3,88.28,5.75,1.23,100.46,26.15,26.16,29.77,23.98
2019,8,22,12.38,86.89,6.13,2.1,100.39,25.96,25.97,29.18,23.61
2019,8,23,6.61,88.19,7.43,2.68,100.4,25.49,25.35,28.57,23.44
2019,8,24,1.12,87.02,6.3,1.75,100.42,24.82,24.79,28.46,22.6
2019,8,25,2.49,85.16,7.74,2.88,100.28,25.58,25.69,29.97,22.71
2019,8,26,5.75,87.58,7.58,2.02,100.31,25.17,25.09,28.98,22.65
2019,8,27,0.39,80.19,6.72,0.75,100.3,26.09,25.87,29.98,22.71
2019,8,28,0.19,77.98,3.75,0.05,100.39,26.86,26.9,30.63,22.83
2019,8,29,0.9,77.86,2.41,0.12,100.39,27.48,27.73,31.25,23.55
2019,8,30,7.8,83.08,2.87,0.31,100.17,27.27,27.14,30.4,24.15
2019,8,31,19.99,90.45,4.51,0.81,100,25.79,25.65,28.04,24.1
2019,9,1,2.08,89.45,6.57,2.61,100.12,26.02,26,29.01,23.56
2019,9,2,3.6,88.16,6.12,1.22,100.3,25.23,25.24,27.86,23.39
2019,9,3,5.38,92.85,5.54,2.21,100.22,24.49,24.44,26.7,23.03
2019,9,4,5.01,90.51,5.89,2.62,100.01,24.95,24.87,27.94,22.77
2019,9,5,7.19,88.06,6.99,1.96,99.96,26.18,26.18,29.89,23.47
2019,9,6,11.93,92.63,7.01,4.01,99.98,25.41,25.19,27.68,23.98
2019,9,7,1.04,90.27,8.47,2.47,100.07,25,24.86,27.48,22.83
2019,9,8,5.47,87.92,7.43,1.95,100.2,25.99,25.98,29.74,22.73
2019,9,9,2.16,86.5,7.41,2.49,100.16,26.76,26.85,30.79,23.43
2019,9,10,2.25,86.39,6.12,2.24,100.19,26.91,27.01,31.01,23.73
2019,9,11,5.85,87.75,6.31,3.12,100.39,26.23,26.23,29.51,23.65
2019,9,12,12.88,87.94,6.79,2.87,100.51,25.86,25.82,29.85,23.74
2019,9,13,0.94,86.01,7.29,2.4,100.57,25.92,26,30.17,22.47
2019,9,14,1.34,85.62,4.24,1.73,100.56,26.4,26.72,30.52,22.66
2019,9,15,2.97,84.88,4.72,1.36,100.59,26.16,26.26,30.44,23.12
2019,9,16,0.99,87.55,5.01,1.33,100.48,25.97,26.11,30.02,22.85
2019,9,17,25.18,90.32,4.24,1.21,100.37,26.28,26.21,29.39,23.47
2019,9,18,2.28,89.19,2.69,0.67,100.5,26.47,26.3,28.77,24.55
2019,9,19,8.18,89.96,4.53,0.77,100.56,25.8,25.77,28.79,23.68
2019,9,20,5.84,88.31,4.56,1.6,100.56,26.31,26.31,29.52,23.82
2019,9,21,8.51,87.38,3.72,1.82,100.59,26.38,26.48,29.95,23.51
2019,9,22,0.74,84.95,2.47,0.68,100.69,26.34,26.23,29.46,23.5
2019,9,23,2.02,85.17,2.53,1.54,100.75,26.66,27.03,30.77,22.77
2019,9,24,9.04,91.56,4.48,1.53,100.67,25.65,25.65,28.41,23.86
2019,9,25,12.86,92.74,4.71,1.76,100.78,25.26,25.19,27.62,23.6
2019,9,26,5.63,89.59,5.82,2.68,101.06,25.51,25.48,28.65,23.49
2019,9,27,5.83,90.04,4.17,1.71,101.22,24.98,24.81,27.64,23.37
2019,9,28,0.38,91.06,4.35,1.21,101.08,24.74,24.65,26.99,22.82
2019,9,29,11.49,90.43,3.96,1.55,101.14,25.2,24.99,27.89,22.92
2019,9,30,10.29,89.15,3.2,0.84,101.07,25.22,24.87,27.77,22.68
2019,10,1,2.51,85.28,3.63,1.71,100.99,26,26,29.97,22.29
2019,10,2,1.06,85.73,4.21,1.41,101.04,25.77,25.77,29.68,22.53
2019,10,3,0,82.09,3.45,0.58,101.01,26.07,26,29.54,21.62
2019,10,4,0,82.76,2.33,1.16,100.99,25.79,25.74,29.29,22.35
2019,10,5,0.01,84.31,2.67,1.31,100.97,24.99,25.01,28.75,21.39
2019,10,6,1.25,78.04,2.27,0.81,101.03,25.32,25.03,29.63,21.39
2019,10,7,0.49,84.31,3.26,1.26,101.08,24.95,25.05,29.13,21.27
2019,10,8,0,86.99,4.32,1.86,101.03,24.77,24.98,29,20.93
2019,10,9,1.17,87.54,4.17,1.8,100.98,24.78,24.97,28.76,21.23
2019,10,10,5.04,86.88,3.83,1.58,100.99,24.44,24.52,28.53,21.22
2019,10,11,0.54,86.38,4.22,0.86,101,24.42,24.53,28.8,20.61
2019,10,12,0.03,87.3,3.2,1.32,101.05,24.27,24.33,27.95,21.19
2019,10,13,0,86.42,3.41,1.71,101.14,24.61,24.84,29.22,20.9
2019,10,14,0,84.97,4.6,2.03,101.21,23.89,23.91,28.86,20.37
2019,10,15,0,84.02,3.58,2.03,101.23,23.52,23.63,28.95,18.48
2019,10,16,0.08,85.8,4.4,1.76,101.21,23.53,23.73,28.28,19.79
2019,10,17,1.67,86.84,3.35,1.61,101.2,24.1,24.34,28.72,19.73
2019,10,18,11.3,89.03,2.45,1.39,101.21,24.03,24.29,27.57,21.15
2019,10,19,8.6,88.67,3.22,1.54,101.27,24.2,24.42,28.2,20.9
2019,10,20,11.05,89.09,3.36,1.57,101.26,24.38,24.65,28.46,21.16
2019,10,21,1.13,88.37,2.72,0.96,101.13,24.35,24.77,28.27,21.71
2019,10,22,0.14,85.76,2.77,1.49,100.95,24.56,25.02,29.3,20.67
2019,10,23,1.63,87.65,4.07,2.14,100.78,24.19,24.45,28.41,20.73
2019,10,24,7.07,88.02,4.28,1.93,100.75,23.8,24.07,27.98,20.64
2019,10,25,12.72,84.74,2.81,0.92,100.88,23.23,23.48,27.05,20.64
2019,10,26,5.61,89.1,4,0.89,101,23.91,23.97,27.93,20.71
2019,10,27,4.58,87.71,3.52,1.74,101.1,24.58,24.78,28.59,21.47
2019,10,28,2.8,87.63,3.5,1.5,101.18,24.66,24.89,29.29,20.97
2019,10,29,4.93,87.42,3.88,0.95,101.23,24.85,24.9,29.31,20.71
2019,10,30,4.1,89.47,2.37,0.77,101.23,24.39,24.31,27.92,21.93
2019,10,31,3.56,88.81,2.99,0.18,101.18,24.03,23.93,27.51,21.63
2019,11,1,1.6,87.33,2.5,1.74,101.13,23.83,24.09,28.36,20.11
2019,11,2,1.52,88.88,3.57,1.83,101.23,24.02,24.2,28.14,20.79
2019,11,3,0.18,84.69,2.69,1.78,101.34,24,24.21,29.05,20.36
2019,11,4,0,77.68,3,0.18,101.35,23.81,23.22,28.73,19.3
2019,11,5,0,80.94,2.53,0.04,101.14,24.75,24.45,29.5,19.53
2019,11,6,0,81.56,2.25,0.42,100.97,24.79,24.76,29.38,20.92
2019,11,7,0.35,83.97,2.53,1.4,100.95,23.85,24.1,28.37,20.53
2019,11,8,0.14,83.17,3.54,1.53,101.02,22.96,23.08,28.54,18.65
2019,11,9,0,79.56,3.97,1,101.07,22.8,22.42,28.15,18.94
2019,11,10,0,81.93,2.86,1.53,101.13,22,21.91,27.68,17.08
2019,11,11,0,84.51,3.38,2.18,101.18,21.84,21.88,27.95,16.84
2019,11,12,0,82.35,3.72,2.2,101.35,21.21,21.19,27.32,16.13
2019,11,13,0,77.59,3.57,1.58,101.47,19.73,19.5,25.76,14.67
2019,11,14,0,80.76,3.25,2.13,101.45,19.79,19.85,26.59,14.12
2019,11,15,0,81.19,2.62,1.83,101.36,20.42,20.74,26.69,14.59
2019,11,16,0,82.11,2.91,2.07,101.33,20.94,21.25,27.12,15.98
2019,11,17,0,80.98,3.64,2.18,101.39,20.32,20.23,26.61,15.36
2019,11,18,0,82.43,4.2,2.2,101.41,19.45,19.29,26.52,13.59
2019,11,19,0,82.17,2.69,1.98,101.35,19.58,19.58,26.41,13.84
2019,11,20,0,82.86,3.11,1.83,101.3,19.78,19.59,26.7,14.01
2019,11,21,0,83.17,3.39,1.96,101.44,19.94,20.09,26.94,14.15
2019,11,22,0,81.32,2.68,1.26,101.51,19.7,19.86,26.77,14.03
2019,11,23,0,80.15,3.34,1.64,101.5,19.79,19.37,26.51,13.97
2019,11,24,0,81.67,3.3,1.87,101.42,20.09,20.03,26.47,14.24
2019,11,25,0,82.68,2.86,1.95,101.38,20.15,20.22,27.23,13.96
2019,11,26,0,82.62,2.5,1.78,101.37,20.84,20.78,27.63,15.1
2019,11,27,0,80.5,2.77,0.65,101.37,21.28,20.97,28.06,16.06
2019,11,28,0,78.96,2.13,0.96,101.38,21.41,21.32,28.19,15.84
2019,11,29,0,79.11,2.71,1.1,101.39,21.29,21.43,28.22,16
2019,11,30,0,80.32,3.37,1.89,101.39,21.36,21.66,28.49,15.68
2019,12,1,0,82.33,2.92,1.57,101.42,21.56,21.76,27.41,17.03
2019,12,2,0,80.59,2.56,1.08,101.46,22.24,22.76,28.25,18.04
2019,12,3,0,79.47,3.49,1.97,101.5,21.5,22,27.69,16.34
2019,12,4,0,80.22,4.77,2.22,101.62,20.96,21.36,27.49,16.55
2019,12,5,0,77.18,4.02,2.21,101.73,19.4,19.83,26.43,14.62
2019,12,6,0,77.13,3.32,2.02,101.66,17.93,18.51,25.76,11.69
2019,12,7,0,77.4,3.04,1.96,101.6,18.64,19.11,26.56,12.08
2019,12,8,0,77.43,3,1.22,101.62,19.06,19.53,26.61,12.92
2019,12,9,0,78.06,2.64,1.86,101.6,19.64,20.13,27.48,13.71
2019,12,10,0,76.9,2.65,1.07,101.41,19.55,19.87,27.06,13.8
2019,12,11,0,73.75,2.76,1.06,101.29,20.44,20.46,28.11,14.98
2019,12,12,0,75.66,5.86,2.63,101.25,20.86,21.11,27.94,14.95
2019,12,13,0.01,75.76,5.47,2.14,101.34,22.16,22.65,28.47,17.77
2019,12,14,0,79.31,4.52,0.75,101.56,22.95,23.61,28.83,18.88
2019,12,15,0.12,79.68,4.79,0.44,101.47,22.68,23.3,28.29,18.34
2019,12,16,0.08,79.98,3.54,0.69,101.53,21.66,22.47,27.54,17.88
2019,12,17,0,78.25,3.6,2.59,101.68,20.93,21.74,27.08,16.85
2019,12,18,0,77.97,3.87,1.76,101.74,19.98,20.83,27.03,14.64
2019,12,19,0,74.64,2.97,1.62,101.57,19.71,20.41,27.48,13.66
2019,12,20,0,72.8,3.15,1.54,101.43,19.94,20.46,27.97,14.37
2019,12,21,0,72.33,3.36,1.82,101.43,20.05,20.48,27.68,15.07
2019,12,22,0,74.31,2.52,1.54,101.46,20.32,20.88,27.89,14.16
2019,12,23,0,75.07,3.5,1.8,101.43,20.71,21.27,27.51,15.29
2019,12,24,0,73.87,4.85,1.96,101.51,20.89,21.36,27.93,14.94
2019,12,25,0.17,73.92,3.97,0.78,101.42,21.52,21.85,27.38,16.12
2019,12,26,0.48,85.39,2.23,0.32,101.35,20.62,20.75,23.34,18.49
2019,12,27,0.02,72.16,4.85,0.92,101.42,18.96,19.55,24.74,12.4
2019,12,28,0,52.68,4.64,2.49,101.57,14.32,15.03,24.04,7.67
2019,12,29,0,61.96,3.56,0.64,101.58,14.88,15.75,25.27,6.45
2019,12,30,0.01,68.06,3,1.81,101.5,17.58,18.44,25.62,9.93
2019,12,31,2.75,81.85,4.63,2.22,101.52,18,18.24,21.89,14.85
